github_repos,commit_streak_days,leetcode_total,leetcode_medium_hard,claimed_skills_count,verified_skills_ratio,cgpa,internship_count,placement_readiness_score
8,58,207,104,12,0.525,7.21,0,40.8
21,105,356,161,20,0.396,6.64,0,44.3
16,12,330,146,6,0.491,7.7,0,37.9
12,57,370,256,10,0.602,6.83,2,59.1
9,64,421,252,16,0.543,6.88,1,53.8
22,112,220,40,9,0.574,7.34,1,40.2
8,9,70,49,6,0.198,7.48,0,19.5
27,107,385,238,20,0.839,8.25,1,77.2
20,10,104,45,9,0.663,8.74,0,42.0
24,113,304,232,19,0.342,8.46,1,60.2
12,120,60,15,16,0.418,6.99,2,38.4
12,98,266,229,8,0.628,7.07,0,57.5
25,51,268,84,19,0.505,9.4,1,46.6
22,103,165,13,15,0.37,8.34,1,39.1
5,59,317,143,20,0.345,9.37,2,53.0
9,172,248,127,10,0.553,7.73,1,59.8
25,56,298,103,18,0.415,8.53,0,40.6
4,148,243,71,16,0.72,8.23,0,61.8
23,17,256,203,15,0.572,7.55,0,47.8
22,118,385,212,17,0.51,8.05,1,66.5
3,128,131,35,15,0.522,8.16,0,49.3
25,110,296,182,20,0.391,7.16,1,55.5
13,162,158,142,19,0.756,7.54,0,68.7
7,151,218,127,19,0.379,9.11,0,59.1
3,149,247,221,8,0.606,9.52,0,76.0
29,124,287,234,15,0.334,7.69,1,59.7
22,67,56,29,19,0.63,7.51,0,44.5
2,23,182,122,8,0.35,7.14,0,31.3
13,96,318,149,17,0.16,8.74,0,40.8
27,62,183,56,6,0.567,7.57,0,39.4
23,94,41,10,18,0.64,9.76,0,53.6
13,121,217,99,8,0.78,7.57,1,58.3
26,66,263,151,20,0.63,7.8,0,58.6
18,27,149,47,18,0.383,8.49,0,39.8
28,131,271,148,19,0.498,9.15,1,64.1
28,141,445,268,7,0.802,8.05,2,72.7
11,144,254,170,12,0.335,7.89,1,47.1
29,133,359,187,20,0.615,9.79,0,71.3
29,62,107,19,14,0.651,6.53,1,41.3
17,126,347,270,8,0.672,9.45,2,80.7
16,5,317,147,6,0.243,6.99,1,26.4
16,38,255,181,21,0.669,9.09,0,58.3
20,100,115,22,17,0.363,8.54,1,39.3
13,130,228,177,8,0.41,7.63,1,55.3
24,122,175,139,15,0.545,9.38,0,60.5
21,52,255,93,11,0.456,6.54,0,36.7
26,93,220,110,16,0.444,7.25,1,45.9
4,121,356,274,14,0.826,8.37,1,81.0
6,133,78,47,11,0.335,7.66,0,45.1
20,20,129,103,17,0.381,8.51,1,41.6
8,73,268,104,11,0.432,6.58,0,38.1
22,26,237,78,21,0.313,6.88,0,37.0
10,97,397,245,14,0.343,6.92,1,53.0
8,80,278,146,14,0.856,7.12,0,57.6
19,158,121,85,8,0.792,8.02,0,63.5
5,148,178,44,8,0.502,8.98,2,52.0
26,90,74,10,11,0.612,9.49,0,47.7
29,33,97,69,5,0.195,9.26,0,28.5
15,73,465,276,16,0.43,7.15,2,55.9
19,51,281,238,17,0.57,7.96,1,57.9
27,98,457,279,14,0.51,7.16,1,60.9
10,148,416,222,19,0.626,7.37,1,66.6
27,89,313,174,17,0.634,8.16,0,61.9
22,43,35,14,13,0.408,6.72,1,28.0
3,104,130,87,13,0.745,7.22,0,54.4
21,37,224,71,19,0.624,9.59,1,52.1
29,105,188,141,14,0.162,8.04,0,41.4
16,27,246,98,14,0.388,7.97,1,41.3
29,14,371,246,12,0.793,6.55,0,56.3
8,73,144,51,20,0.262,7.32,0,37.4
13,104,272,98,21,0.1,9.36,1,41.2
9,38,306,113,9,0.805,7.04,1,49.9
16,142,95,23,8,0.371,7.87,1,37.6
4,151,228,188,8,0.307,6.55,0,46.2
15,100,322,134,11,0.597,8.08,0,53.3
18,5,75,32,14,0.613,6.57,1,30.1
5,73,90,72,8,0.566,9.2,1,46.8
19,8,265,152,14,0.549,9.22,1,53.5
9,20,317,162,5,0.654,9.1,2,51.7
5,28,207,154,9,0.718,7.44,1,49.9
3,84,263,234,19,0.608,9.26,1,68.4
7,6,246,113,21,0.415,8.29,1,43.8
23,132,156,113,7,0.356,7.73,2,45.9
11,164,219,48,16,0.827,8.56,1,64.9
5,88,296,207,6,0.317,6.54,1,37.6
23,156,273,143,5,0.506,6.97,1,52.0
19,144,122,76,21,0.654,8.95,1,65.3
27,167,332,188,20,0.328,7.31,0,55.4
13,128,240,51,9,0.565,8.47,0,49.0
3,37,122,24,19,0.638,7.77,2,43.3
11,165,156,120,7,0.394,9.32,1,52.0
5,175,207,166,11,0.35,9.64,1,61.1
15,105,335,240,15,0.74,9.42,2,76.9
17,16,306,166,14,0.509,7.39,1,46.9
16,71,245,47,13,0.101,7.14,0,30.3
9,69,212,106,18,0.444,8.07,1,51.9
15,165,298,263,17,0.81,6.52,1,76.9
24,172,266,205,6,0.739,6.59,0,64.1
29,78,210,95,7,0.575,8.33,0,49.8
26,47,117,19,11,0.642,8.22,0,39.3
9,48,34,14,7,0.603,9.78,0,41.3
22,33,293,132,14,0.295,7.17,0,33.8
17,145,326,127,11,0.563,7.35,0,53.6
14,16,313,168,13,0.496,6.87,0,42.3
19,99,252,237,21,0.611,9.53,0,71.8
16,50,297,225,15,0.521,9.07,0,60.1
22,134,331,193,11,0.409,9.21,1,65.7
25,39,204,24,18,0.638,9.48,1,48.4
27,85,195,166,8,0.447,8.23,1,54.1
26,94,321,145,10,0.416,7.99,0,51.2
29,12,447,270,14,0.837,7.59,0,66.0
29,97,244,166,11,0.636,8.44,0,58.6
29,158,95,56,17,0.792,8.0,0,65.8
14,94,220,182,18,0.684,7.99,0,62.9
10,166,165,139,8,0.555,9.59,0,65.1
16,119,136,104,12,0.1,9.75,0,44.8
14,109,153,124,9,0.279,9.13,1,46.9
2,139,293,252,5,0.375,9.0,0,60.3
26,62,164,78,8,0.852,8.75,0,51.2
8,118,231,157,7,0.313,7.05,1,45.8
10,79,208,20,13,0.172,6.7,0,25.0
25,161,422,263,12,0.431,8.78,0,64.9
2,124,154,47,5,0.25,8.9,1,36.2
13,168,210,143,10,0.276,6.66,1,46.4
9,25,231,209,13,0.351,9.56,1,52.3
25,168,125,32,11,0.198,6.8,0,30.3
12,142,268,227,8,0.585,7.44,0,62.7
20,105,338,150,17,0.662,8.72,0,65.1
18,156,177,113,21,0.45,7.06,0,53.1
9,103,364,219,6,0.742,6.68,1,60.3
4,40,227,120,9,0.311,7.59,1,33.0
4,100,299,113,16,0.375,9.03,0,53.4
2,156,375,180,12,0.485,7.87,1,58.1
28,155,180,142,10,0.616,8.65,0,60.3
6,41,210,136,12,0.883,8.41,1,59.8
11,16,251,115,7,0.341,6.57,0,23.6
8,117,246,101,16,0.746,9.76,0,61.2
27,17,222,60,7,0.579,6.64,0,34.3
10,27,98,38,10,0.412,9.69,1,35.0
29,103,252,223,6,0.628,8.31,1,58.6
8,109,443,276,16,0.581,9.68,0,73.2
10,34,297,266,6,0.62,6.88,0,50.5
9,21,250,110,10,0.577,8.12,0,42.5
13,117,217,119,21,0.499,7.06,0,49.0
3,66,214,191,7,0.51,6.67,1,47.1
2,88,190,10,6,0.557,8.54,0,42.5
17,116,254,64,12,0.494,7.19,0,40.1
24,90,235,158,16,0.214,8.44,1,44.2
24,145,277,146,8,0.393,6.87,0,46.1
25,23,355,211,9,0.618,7.6,1,50.4
6,104,228,126,17,0.346,9.08,1,55.1
4,144,249,163,19,0.564,7.94,0,66.7
13,151,225,72,20,0.365,8.57,2,59.4
9,80,331,253,14,0.768,8.64,1,65.5
23,13,120,34,20,0.602,9.28,0,42.4
28,32,134,99,16,0.631,7.57,0,50.5
4,132,116,84,21,0.816,8.77,0,62.9
2,56,297,219,20,0.599,9.67,1,72.1
4,87,122,26,16,0.467,8.91,1,45.0
6,115,261,137,12,0.388,8.12,1,50.4
16,148,369,260,7,0.567,8.58,2,66.2
15,121,368,188,20,0.856,8.94,1,76.1
4,73,237,191,17,0.386,8.52,1,58.4
2,103,186,161,12,0.532,6.56,0,49.4
6,144,93,34,9,0.44,7.14,0,39.6
27,29,236,189,12,0.143,9.17,0,41.8
24,127,323,207,16,0.462,7.4,1,58.1
15,57,353,170,5,0.443,8.91,0,49.3
8,155,336,186,10,0.374,7.73,0,53.2
28,148,97,72,12,0.255,8.22,0,43.4
10,61,352,159,11,0.889,6.72,0,55.4
16,43,265,163,5,0.332,7.1,1,30.5
16,113,220,165,20,0.591,9.66,0,69.6
27,46,217,58,16,0.214,9.44,1,32.9
11,171,183,93,10,0.529,8.65,0,57.6
29,146,321,186,6,0.52,8.02,1,61.6
14,126,217,157,18,0.402,8.73,0,53.9
20,137,301,127,8,0.745,8.54,0,65.1
8,167,166,72,5,0.559,8.38,1,52.8
18,79,266,198,17,0.528,6.7,0,50.0
21,150,158,58,6,0.218,8.59,0,45.9
5,80,372,266,13,0.681,9.04,0,71.1
6,13,395,233,6,0.686,9.78,0,59.5
24,78,325,150,13,0.407,6.54,0,39.8
8,149,406,224,5,0.1,8.91,0,53.8
14,11,394,220,15,0.307,8.39,1,43.6
16,178,152,41,7,0.77,7.93,1,60.6
12,145,183,167,8,0.823,6.92,0,64.2
5,172,200,153,10,0.794,7.85,2,72.4
14,174,200,28,7,0.893,7.67,0,57.2
8,141,202,27,15,0.76,7.5,1,52.1
28,31,357,266,19,0.201,8.91,1,50.8
20,126,217,87,9,0.709,8.81,1,58.4
23,9,352,184,14,0.637,8.44,0,52.0
29,33,367,203,16,0.45,9.6,0,63.5
3,169,239,122,19,0.355,7.65,0,60.2
11,170,303,123,21,0.97,7.3,0,75.9
14,87,348,231,14,0.715,8.66,0,70.1
26,140,279,175,10,0.724,7.16,0,62.1
22,113,329,141,17,0.651,7.54,0,55.9
7,69,409,273,7,0.546,7.24,0,56.0
29,90,221,64,14,0.214,6.73,1,32.6
29,149,260,140,18,0.559,9.23,1,70.0
13,75,408,275,10,0.831,7.34,2,71.5
13,49,357,171,7,0.524,8.06,0,43.7
21,136,159,96,20,0.702,6.64,1,56.1
12,40,182,64,11,0.485,8.81,1,36.8
27,74,262,187,18,0.322,7.59,0,51.3
24,163,154,17,13,0.589,8.96,0,53.9
29,23,404,256,19,0.664,7.86,2,61.4
26,112,287,264,7,0.712,7.15,0,67.0
8,171,83,63,6,0.419,8.19,0,56.0
2,95,345,258,6,0.802,6.93,0,65.9
2,94,365,248,7,0.49,7.95,0,57.2
26,23,412,238,18,0.465,7.55,1,48.1
28,43,131,76,14,0.468,9.51,1,49.7
26,130,188,60,6,0.165,6.7,0,28.7
21,177,128,106,5,0.865,8.79,0,74.3
14,145,187,101,8,0.501,7.1,1,51.3
10,130,465,273,18,0.431,7.55,1,63.8
4,62,211,105,5,0.387,7.87,0,33.5
8,152,173,97,18,0.741,9.5,1,70.9
7,65,185,87,20,0.637,7.3,0,47.1
9,131,205,129,18,0.519,6.8,0,52.9
28,109,299,174,7,0.739,7.55,1,63.0
10,171,332,191,7,0.407,6.85,0,49.6
6,5,253,232,13,0.657,6.92,1,51.9
2,135,114,16,10,0.521,8.39,1,48.4
20,96,418,272,17,0.451,6.7,1,60.6
11,117,318,170,6,0.524,6.6,0,45.4
13,157,232,160,12,0.576,8.86,0,66.7
25,60,130,94,6,0.144,7.69,0,31.1
16,165,324,156,8,0.688,6.91,0,61.7
28,170,262,121,19,0.364,7.34,1,53.2
23,121,62,45,8,0.21,8.62,1,39.8
25,138,338,197,17,0.867,7.41,1,71.3
10,62,146,91,16,0.924,8.13,2,55.8
21,48,131,11,17,0.583,6.9,1,35.2
18,177,234,206,18,0.295,8.44,0,64.6
18,164,46,20,10,0.867,7.54,0,61.1
27,177,344,243,15,0.622,8.57,1,78.1
21,65,230,204,6,0.716,9.17,0,65.2
13,51,283,128,9,0.726,8.52,0,56.8
8,153,68,29,6,0.539,7.48,0,43.8
3,84,329,270,14,0.219,7.34,1,49.7
4,122,401,265,6,0.523,7.58,0,65.3
18,168,392,231,15,0.532,7.04,1,62.3
6,151,304,235,19,0.713,7.1,1,73.5
18,24,176,62,13,0.121,9.11,0,26.6
25,150,277,90,13,0.769,7.77,0,64.6
18,51,361,211,7,0.301,7.94,0,43.5
28,53,300,167,13,0.295,8.46,1,44.3
18,18,196,129,18,0.362,8.45,1,46.4
3,147,265,68,11,0.295,6.72,1,35.4
3,163,270,224,20,0.271,9.24,1,66.8
29,5,202,137,20,0.469,7.09,0,39.7
23,121,291,233,5,0.659,8.89,0,69.5
24,58,314,218,8,0.516,9.05,1,62.3
6,122,284,124,8,0.408,8.86,0,49.6
2,7,382,218,11,0.472,8.41,0,45.4
2,148,74,23,12,0.706,6.55,0,46.1
20,16,128,18,21,0.43,7.69,0,31.8
3,78,119,49,9,0.323,8.5,0,36.4
22,20,365,246,11,0.373,7.78,0,47.1
13,106,283,210,8,0.286,9.35,0,59.8
27,156,400,255,10,0.286,7.52,0,62.4
7,160,414,244,11,0.721,7.47,1,76.0
24,121,62,13,9,0.208,7.38,1,36.5
5,12,270,163,7,0.51,7.6,0,43.3
24,126,234,38,11,0.522,8.34,1,50.5
12,96,229,118,18,0.342,8.83,0,52.1
25,168,256,107,11,0.705,8.69,0,67.3
28,94,314,224,9,0.669,9.17,1,68.5
18,140,147,84,9,0.199,9.42,1,44.1
7,64,263,155,6,0.526,9.19,1,48.6
25,32,310,137,10,0.421,6.56,0,34.8
6,105,89,51,19,0.603,8.93,0,56.3
21,45,212,50,14,0.576,7.19,1,38.6
3,159,94,43,11,0.45,6.94,0,40.6
7,149,44,26,9,0.466,8.61,0,46.7
23,165,296,174,5,0.482,7.56,1,55.9
12,161,302,162,17,0.29,6.69,1,50.1
17,145,119,85,17,0.217,6.95,1,41.8
17,50,262,96,9,0.35,6.5,0,32.5
2,39,190,126,17,0.424,9.48,1,47.8
10,138,227,36,8,0.598,6.58,0,45.9
29,86,336,143,21,0.257,7.19,0,46.2
28,119,338,228,7,0.664,7.87,1,65.3
7,51,296,177,21,0.429,7.68,0,51.8
17,157,285,107,15,0.565,9.51,0,67.1
4,14,408,277,8,0.837,6.63,1,55.9
21,60,358,246,6,0.708,8.19,0,64.9
29,34,262,182,20,0.849,8.75,0,64.2
28,113,292,199,12,0.293,9.57,0,55.4
5,9,307,131,7,0.619,8.55,0,45.8
20,123,233,55,13,0.488,9.15,0,45.4
27,37,93,73,10,0.158,6.78,1,22.6
4,122,192,139,14,0.674,7.77,1,62.7
20,69,386,202,14,0.194,7.73,0,38.7
21,150,319,190,17,0.279,9.42,1,64.6
8,15,177,38,21,0.877,7.0,0,44.6
21,89,184,158,13,0.518,7.0,0,50.0
10,30,421,276,21,0.599,7.58,1,60.1
2,67,52,20,13,0.874,6.68,0,47.6
9,90,227,173,13,0.431,7.1,2,51.1
8,63,157,122,5,0.854,9.69,0,63.6
19,31,353,196,6,0.257,7.91,1,38.1
9,165,354,241,20,0.34,8.59,0,66.4
2,102,276,236,5,0.569,8.9,0,63.0
12,109,129,107,14,0.892,7.71,0,64.8
29,103,178,64,12,0.652,6.99,1,48.8
26,133,221,120,15,0.495,7.18,0,53.2
26,153,217,161,6,0.636,7.53,2,56.0
19,59,441,255,12,0.81,8.6,0,70.1
24,10,106,78,12,0.199,7.81,0,24.0
11,99,351,259,21,0.541,6.52,0,63.5
4,137,61,45,19,0.361,8.23,1,44.6
8,106,381,248,21,0.552,9.54,1,74.5
29,7,208,157,17,0.438,9.18,0,47.0
17,27,319,236,9,0.507,9.22,1,50.6
27,57,433,253,16,0.409,9.12,0,62.4
17,169,265,210,5,0.792,7.57,1,70.6
26,87,239,163,9,0.796,9.03,1,68.7
21,149,156,82,12,0.297,6.97,0,36.6
29,89,349,210,17,0.469,8.67,0,59.5
18,82,151,26,12,0.646,8.62,2,46.7
3,114,166,138,15,0.541,6.58,1,51.2
2,5,324,226,5,0.63,9.1,1,50.9
17,55,214,70,17,0.666,9.48,0,55.8
13,177,197,113,7,0.562,7.38,0,60.8
6,8,210,51,21,0.354,9.18,0,38.9
6,117,171,34,9,0.693,6.77,1,45.3
28,36,151,48,12,0.254,8.48,1,26.6
24,38,182,140,18,0.801,8.1,0,56.1
10,96,318,238,8,0.325,8.3,0,53.2
10,99,294,117,15,0.161,9.56,0,43.9
4,76,200,181,19,0.715,9.38,0,71.2
20,43,293,111,11,0.225,9.09,0,39.0
17,158,219,21,15,0.804,7.4,0,64.6
17,166,288,110,9,0.65,9.51,0,63.2
4,122,112,53,9,0.318,6.82,0,34.8
21,7,191,26,12,0.509,9.32,0,33.4
25,127,127,66,14,0.551,7.58,0,43.1
23,54,66,21,10,0.411,6.68,0,29.7
25,16,242,89,19,0.936,8.71,0,60.2
2,58,249,225,20,0.626,7.26,0,57.1
25,137,405,273,21,0.646,7.3,0,73.7
21,61,186,158,12,0.419,7.51,0,42.8
12,149,184,90,12,0.736,6.71,1,54.5
18,116,331,224,13,0.787,7.08,2,66.6
9,51,231,207,6,0.629,6.52,1,46.0
5,155,299,209,19,0.471,7.97,0,63.6
7,89,142,34,7,0.475,6.78,1,31.9
9,146,217,98,21,0.5,8.75,1,61.0
21,70,292,277,8,0.329,7.28,0,42.4
4,79,299,152,8,0.623,9.61,0,58.6
17,107,102,68,18,0.822,9.38,1,62.1
26,170,57,35,13,0.574,7.46,0,48.2
4,42,241,56,13,0.317,9.08,0,35.1
26,54,290,275,14,0.438,9.15,1,61.6
19,102,96,25,8,0.671,9.76,1,52.3
15,86,286,208,16,0.305,8.47,0,50.1
19,34,227,95,12,0.706,6.77,0,45.1
3,83,301,259,6,0.691,8.63,0,64.1
23,95,414,279,17,0.705,8.56,1,72.5
4,56,247,126,20,0.611,8.61,0,56.1
17,170,195,16,6,0.422,7.51,0,42.5
10,83,335,146,15,0.482,9.34,1,54.6
5,34,364,185,14,0.621,9.67,0,51.7
2,110,287,224,19,0.409,7.22,1,54.6
5,55,225,91,21,0.511,6.79,0,42.7
2,85,290,232,12,0.154,7.14,0,45.0
15,137,182,112,13,0.624,9.21,1,62.4
22,33,193,23,12,0.215,8.73,0,26.2
17,136,293,168,18,0.43,8.6,0,67.0
21,142,309,161,16,0.829,7.83,0,69.4
25,149,239,117,18,0.65,8.41,1,66.0
9,78,359,197,21,0.791,7.52,2,62.5
8,21,235,107,7,0.679,8.07,2,41.6
4,88,232,140,11,0.622,9.12,0,60.3
18,73,324,180,21,0.73,9.74,0,73.6
2,38,243,192,16,0.333,9.58,0,50.6
17,10,82,48,13,0.583,9.58,1,38.2
13,57,64,24,19,0.75,7.83,0,47.5
28,130,56,13,17,0.466,8.05,2,45.7
20,47,234,219,12,0.63,8.83,0,60.8
23,119,303,170,18,0.232,9.54,2,54.2
24,115,74,25,12,0.758,6.97,1,47.9
23,155,190,117,18,0.672,7.5,1,60.1
15,84,319,236,11,0.684,6.96,0,57.2
7,99,354,179,16,0.753,8.52,0,69.5
7,122,236,43,15,0.525,7.51,0,46.3
14,148,286,260,15,0.389,7.58,0,62.9
20,12,290,256,17,0.364,6.73,0,43.6
23,136,473,278,6,0.482,7.65,0,62.7
9,108,207,150,19,0.455,9.35,0,60.6
28,136,245,105,19,0.58,7.27,1,60.4
28,29,300,236,16,0.453,8.79,1,57.4
3,100,91,48,17,0.72,8.58,0,53.8
22,159,237,38,15,0.399,9.35,2,50.5
2,97,307,254,9,0.623,6.94,0,58.0
29,164,443,245,5,0.29,9.73,0,63.8
16,65,379,194,7,0.537,8.42,0,51.2
2,126,437,245,11,0.644,9.79,1,76.4
6,55,413,248,16,0.5,9.51,0,56.4
29,151,461,275,19,0.643,7.23,0,75.4
17,25,126,74,9,0.81,6.69,1,43.0
20,9,284,186,19,0.488,7.34,0,49.5
5,96,177,12,12,0.245,8.24,1,35.0
4,174,293,151,14,0.639,7.07,2,60.9
18,65,307,167,20,0.498,7.05,2,52.2
18,26,214,155,12,0.5,8.03,0,44.8
13,153,228,162,5,0.317,6.61,0,39.5
29,74,296,202,16,0.733,6.9,0,60.2
15,5,274,82,9,0.411,7.87,0,30.0
22,137,287,149,7,0.389,6.71,0,45.8
7,16,329,196,5,0.478,7.81,0,47.8
4,94,92,70,8,0.434,8.06,2,42.0
29,50,306,207,12,0.231,7.99,2,40.2
10,38,163,20,7,0.359,9.37,0,35.7
6,82,93,71,14,0.612,8.25,0,50.5
25,49,406,235,6,0.533,8.04,0,50.1
18,159,272,162,15,0.409,7.86,0,53.2
15,77,324,208,14,0.341,9.2,1,52.5
22,30,80,61,18,0.725,9.45,1,55.5
4,51,369,269,11,0.489,9.32,1,61.1
29,125,257,68,6,0.717,8.72,1,56.1
2,60,129,81,13,0.576,6.95,0,37.6
21,98,226,157,20,0.457,7.41,1,55.2
22,111,205,72,17,0.418,6.65,0,35.6
24,67,437,252,13,0.539,9.57,1,63.9
2,52,288,116,8,0.1,8.68,0,33.0
4,65,363,235,14,0.869,8.96,0,70.2
19,85,386,227,16,0.622,7.53,0,63.5
26,30,290,250,21,0.709,9.29,0,67.2
11,40,418,268,18,0.531,7.36,2,54.2
23,5,332,271,18,0.338,6.51,0,47.9
27,12,141,14,6,0.626,7.74,0,32.6
4,117,360,270,15,0.527,8.38,0,70.0
9,103,149,63,20,0.642,8.08,1,56.9
15,51,159,56,10,0.584,9.34,0,39.0
25,131,284,224,9,0.817,6.85,2,69.3
19,60,233,186,8,0.253,8.33,1,40.5
16,18,33,18,19,0.736,8.19,1,42.3
23,32,269,108,8,0.69,7.43,1,45.5
24,82,74,29,14,0.556,9.21,0,46.6
3,134,406,250,7,0.543,8.98,0,69.8
28,113,137,70,9,0.428,8.92,1,46.8
11,158,249,187,10,0.715,9.39,0,74.4
3,18,154,71,12,0.924,8.89,0,53.4
27,60,273,154,11,0.374,7.27,1,38.2
18,119,329,225,14,0.916,8.83,0,77.3
9,11,89,12,10,0.462,7.52,2,26.9
2,7,256,169,18,0.767,7.3,0,58.4
10,115,411,236,8,0.67,6.74,1,65.1
12,155,461,278,17,0.511,8.96,0,74.0
23,111,232,129,21,0.483,8.85,1,58.7
17,22,288,98,11,0.437,7.27,0,33.6
8,42,104,77,8,0.83,8.97,0,53.7
11,119,194,107,18,0.583,9.53,1,62.9
24,19,367,276,7,0.503,6.86,0,50.0
27,123,287,114,9,0.519,7.27,0,40.5
4,32,214,132,20,0.784,8.98,0,61.6
19,43,150,38,8,0.412,7.41,1,28.8
26,21,285,146,6,0.434,8.56,0,39.2
25,90,320,204,21,0.507,6.77,2,57.9
14,130,381,235,18,0.343,7.99,0,64.5
29,48,295,179,17,0.547,8.94,0,58.8
27,29,51,18,16,0.387,8.77,1,32.9
8,149,145,49,10,0.548,9.19,1,51.5
26,17,189,34,8,0.842,9.4,1,40.5
5,29,307,270,20,0.704,9.05,2,70.3
14,72,332,235,17,0.288,8.72,0,56.3
21,142,256,133,8,0.119,6.6,0,35.5
2,71,136,47,21,0.639,8.27,0,52.8
9,113,403,260,5,0.228,6.62,1,42.4
15,150,287,185,21,0.84,9.17,1,80.5
17,115,167,99,19,0.322,7.56,0,44.4
15,115,149,46,15,0.349,8.36,0,42.5
13,38,342,185,17,0.708,7.42,0,59.3
20,115,169,90,5,0.503,9.08,1,50.1
24,12,213,123,21,0.484,9.43,0,48.7
16,172,206,49,10,0.361,7.82,0,42.8
29,117,396,233,8,0.708,9.35,0,76.0
3,87,285,124,20,0.422,7.38,1,43.4
3,46,269,195,19,0.542,8.26,1,54.6
24,173,172,65,19,0.305,9.33,1,59.4
23,105,224,49,10,0.266,7.58,0,35.4
20,10,112,49,19,0.704,9.65,0,50.4
26,30,295,246,18,0.639,6.9,1,56.6
27,68,457,271,15,0.469,6.56,2,51.8
23,63,341,225,11,0.445,9.48,0,58.3
27,113,181,156,13,0.504,6.73,0,49.3
27,125,290,177,20,0.66,9.77,0,73.8
23,37,225,101,9,0.378,9.64,0,38.2
18,154,156,68,14,0.668,6.95,1,55.1
21,25,256,68,7,0.591,8.27,0,42.3
11,74,201,178,17,0.543,7.11,0,51.9
7,116,295,278,15,0.482,7.91,0,67.6
16,8,153,54,21,0.619,6.7,0,38.2
